{
    "east": -104.99946476062871,
    "north": 40.00001783971906,
    "south": 36.99964472910599,
    "west": -106.99998087023884
}