{
    "east": -104.99945180796163,
    "north": 40.000016816927676,
    "south": 37.99996881822457,
    "west": -106.99997953507918
}