{
    "east": -104.99926654192512,
    "north": 39.99979476685804,
    "south": 37.999627541196006,
    "west": -106.9996897592936
}